region,total_units,total_revenue,average_sale
North,180,400.65,66.775
South,144,351.85,58.641666666666666
East,150,339.85,56.641666666666666
West,107,237.8,39.63333333333333
